{"time": [0, 10, 18, 25, 32, 38, 44, 52, 61, 69, 75, 82, 88, 93, 99, 105, 111, 117, 123, 129, 135, 142, 149, 155, 161, 168, 175, 182, 189, 196, 203, 210, 217, 224, 231, 238, 245, 252, 259, 266, 273, 280, 287, 294, 301, 304, 311, 318, 325, 332, 339, 346, 352, 359, 366, 373, 379, 386, 393, 400, 407, 414, 421, 428, 434, 441, 448, 455, 462, 469, 476, 483, 489, 496, 503, 510, 517, 524, 531, 538, 545, 553, 560, 567, 574, 582, 590, 598, 606, 613, 621, 628, 636, 642, 649, 655, 662, 668, 677, 684, 691, 698, 705, 713, 721, 728, 736, 743, 749, 756, 763, 769, 776, 783, 790, 797, 803, 809, 816, 823, 830, 837, 843, 849, 856, 863, 870, 877, 884, 890, 897, 904, 911, 918, 925, 932, 940, 948, 956, 965, 973, 981, 989, 996, 1003, 1010, 1017, 1024, 1031, 1038, 1045, 1051, 1052, 1059, 1066, 1073, 1080, 1086, 1093, 1101, 1109, 1117, 1124, 1131, 1138, 1145, 1152, 1159, 1167, 1174, 1179, 1186, 1193, 1200, 1206, 1213, 1220, 1227, 1235, 1242, 1251, 1252, 1256, 1271, 1285, 1291, 1337, 1354, 1364, 1371, 1378, 1385, 1392, 1399, 1406, 1413, 1420, 1427, 1436, 1444, 1452, 1460, 1467, 1473, 1479, 1485, 1492, 1499, 1507, 1513, 1520, 1527, 1534, 1536, 1543, 1549, 1556, 1563, 1570, 1577, 1584, 1591, 1598, 1605, 1612, 1620, 1628, 1636, 1643, 1650, 1657, 1661, 1668, 1675, 1682, 1689, 1696, 1704, 1712, 1719, 1727, 1735, 1742, 1750, 1757, 1765, 1771, 1778, 1785, 1792, 1799, 1806, 1813, 1820, 1827, 1834, 1842, 1848, 1854, 1861, 1868, 1875, 1883, 1891, 1901, 1910, 1917, 1924, 1937, 1944, 1951, 1959, 1968, 1976, 1984, 1991, 1997, 2003, 2009, 2016, 2023, 2031, 2038, 2045, 2052, 2059, 2066, 2073, 2080, 2087, 2094, 2101, 2108, 2116, 2124, 2132, 2139, 2146, 2153, 2160, 2168, 2176, 2184, 2192, 2202, 2210, 2217, 2219, 2227, 2237, 2245, 2250, 2257, 2264], "distance": [0.0, 20.200000000000003, 41.7, 62.800000000000004, 83.3, 104.1, 126.1, 148.6, 164.79999999999998, 184.9, 205.1, 227.7, 251.7, 272.1, 295.8, 317.1, 338.1, 359.0, 379.40000000000003, 399.90000000000003, 420.1, 443.0, 465.1, 485.40000000000003, 505.8, 529.1, 551.7, 573.9, 596.0, 618.6, 640.6, 661.9, 683.2, 703.6, 725.5, 747.6, 768.7, 789.1, 810.1, 831.2, 853.3000000000001, 875.4, 895.4, 915.9, 937.2, 944.3000000000001, 964.4, 986.1, 1007.3000000000001, 1029.8999999999999, 1051.6, 1073.5, 1094.3999999999999, 1115.8999999999999, 1136.3999999999999, 1157.1, 1177.6999999999998, 1199.3, 1221.3999999999999, 1242.6, 1263.1999999999998, 1285.5, 1306.0, 1329.0, 1349.0, 1371.1, 1392.8999999999999, 1415.3999999999999, 1435.3999999999999, 1457.6, 1478.5, 1499.6999999999998, 1519.6999999999998, 1542.6999999999998, 1564.8, 1587.3, 1607.8999999999999, 1629.8, 1651.8999999999999, 1674.3999999999999, 1696.0, 1718.6999999999998, 1739.8999999999999, 1761.1999999999998, 1781.6999999999998, 1803.3, 1824.5, 1845.5, 1868.3, 1888.6999999999998, 1911.3999999999999, 1933.0, 1955.3, 1975.8, 1998.3, 2018.3999999999999, 2040.3999999999999, 2058.2, 2079.9, 2101.4, 2122.1, 2142.2999999999997, 2162.7, 2185.0, 2207.2, 2227.6, 2250.5, 2273.2, 2293.4, 2315.7, 2336.4, 2357.2999999999997, 2380.7999999999997, 2403.0, 2424.0, 2447.1, 2467.6, 2488.0, 2510.5, 2532.6, 2552.9, 2575.5, 2595.9, 2616.4, 2637.6, 2659.7, 2681.1, 2702.2, 2724.0, 2744.4, 2766.1, 2786.7999999999997, 2808.1, 2829.7999999999997, 2851.5, 2873.0, 2894.7, 2916.0, 2936.7, 2958.6, 2981.0, 3003.4, 3023.5, 3046.9, 3068.2999999999997, 3090.0, 3113.1, 3134.4, 3155.7, 3176.4, 3198.2999999999997, 3216.9, 3219.6, 3241.1, 3263.6, 3285.7999999999997, 3308.5, 3328.7, 3350.2, 3372.2999999999997, 3394.9, 3417.7999999999997, 3440.7, 3463.5, 3484.2, 3505.6, 3527.2999999999997, 3548.2999999999997, 3570.9, 3592.1, 3605.7999999999997, 3626.7, 3649.0, 3671.0, 3691.2, 3713.7999999999997, 3736.2999999999997, 3758.7, 3781.7, 3801.9, 3822.1, 3823.1, 3828.0, 3848.7999999999997, 3869.1, 3872.6, 3892.7999999999997, 3914.0, 3936.7999999999997, 3957.7, 3977.9, 3997.9, 4020.2, 4041.7, 4063.2999999999997, 4085.0, 4106.200000000001, 4126.8, 4148.6, 4169.700000000001, 4191.1, 4214.0, 4234.400000000001, 4255.400000000001, 4276.200000000001, 4297.1, 4319.8, 4340.700000000001, 4364.1, 4384.900000000001, 4406.5, 4428.0, 4449.700000000001, 4455.400000000001, 4477.5, 4497.8, 4519.0, 4540.1, 4561.400000000001, 4584.0, 4604.200000000001, 4625.700000000001, 4647.1, 4668.400000000001, 4688.900000000001, 4710.700000000001, 4732.0, 4753.200000000001, 4773.5, 4793.6, 4814.1, 4827.1, 4848.400000000001, 4868.5, 4888.5, 4909.1, 4929.900000000001, 4946.400000000001, 4967.400000000001, 4987.8, 5009.3, 5030.900000000001, 5051.700000000001, 5074.6, 5096.0, 5118.6, 5139.200000000001, 5161.700000000001, 5184.700000000001, 5206.700000000001, 5229.700000000001, 5250.200000000001, 5270.3, 5290.700000000001, 5312.5, 5334.400000000001, 5357.3, 5378.3, 5398.3, 5419.200000000001, 5440.0, 5460.0, 5482.1, 5503.1, 5524.8, 5545.0, 5567.8, 5589.1, 5611.6, 5633.200000000001, 5653.700000000001, 5674.1, 5695.200000000001, 5717.900000000001, 5739.5, 5762.400000000001, 5783.700000000001, 5805.200000000001, 5825.5, 5848.1, 5869.200000000001, 5891.700000000001, 5912.0, 5932.700000000001, 5953.700000000001, 5974.8, 5995.900000000001, 6018.8, 6041.8, 6064.200000000001, 6084.6, 6107.1, 6128.3, 6148.8, 6170.0, 6192.5, 6213.8, 6235.900000000001, 6258.3, 6278.900000000001, 6301.200000000001, 6323.6, 6344.900000000001, 6365.700000000001, 6386.400000000001, 6408.400000000001, 6429.5, 6434.8, 6455.0, 6476.5, 6498.1, 6521.900000000001, 6543.3, 6557.3], "altitude": [145.1, 143.8, 144.0, 143.8, 143.8, 143.5, 143.4, 143.3, 143.2, 143.1, 143.0, 142.9, 143.0, 143.1, 143.0, 143.0, 143.0, 143.1, 143.1, 143.2, 143.3, 144.0, 142.3, 142.4, 143.0, 142.9, 143.1, 143.1, 142.9, 143.0, 143.1, 143.1, 143.0, 143.0, 143.2, 143.4, 143.3, 143.4, 143.6, 143.6, 143.5, 143.5, 143.7, 144.1, 144.9, 145.4, 146.7, 148.0, 149.3, 149.9, 151.3, 150.3, 146.7, 145.7, 145.5, 146.8, 146.7, 146.3, 148.2, 147.7, 146.2, 144.9, 145.4, 145.5, 144.8, 144.1, 144.7, 145.0, 145.1, 145.2, 144.9, 144.6, 143.9, 141.8, 141.2, 141.0, 142.3, 144.1, 144.8, 144.9, 144.6, 144.5, 144.0, 143.5, 143.7, 144.5, 143.8, 145.4, 145.8, 148.0, 148.7, 151.2, 151.3, 148.8, 148.3, 148.0, 146.7, 144.1, 147.5, 146.8, 148.2, 147.8, 147.9, 149.0, 147.4, 147.5, 147.1, 145.7, 143.9, 144.5, 144.3, 143.6, 144.3, 144.3, 144.5, 145.1, 144.7, 144.0, 142.2, 141.1, 140.6, 141.7, 143.6, 144.5, 144.9, 145.2, 145.0, 144.9, 144.6, 144.3, 144.9, 145.9, 146.2, 146.3, 146.8, 147.7, 148.3, 146.6, 147.0, 146.2, 146.6, 149.6, 151.5, 153.9, 153.4, 151.5, 149.3, 148.1, 146.2, 145.3, 144.0, 143.7, 143.7, 143.5, 143.4, 143.4, 143.0, 142.9, 143.0, 143.0, 142.9, 143.1, 143.1, 143.1, 143.2, 143.2, 142.8, 142.7, 142.6, 142.6, 142.7, 142.6, 142.7, 142.6, 142.3, 142.0, 141.9, 142.1, 144.1, 143.7, 143.2, 143.2, 143.3, 144.0, 143.9, 143.8, 143.5, 144.1, 143.5, 143.2, 143.6, 144.0, 144.5, 144.9, 145.2, 145.9, 146.8, 147.5, 150.6, 153.1, 154.3, 152.4, 150.7, 149.7, 148.5, 147.2, 146.1, 144.9, 143.4, 142.7, 142.8, 143.3, 143.6, 143.7, 144.1, 144.1, 143.7, 143.3, 143.5, 143.6, 143.9, 144.8, 145.7, 146.3, 146.7, 147.6, 148.1, 148.7, 148.8, 149.1, 148.3, 147.5, 147.0, 146.3, 146.0, 145.8, 145.4, 144.7, 144.2, 144.0, 144.6, 145.6, 146.2, 146.4, 146.3, 146.0, 145.9, 145.5, 145.2, 145.0, 145.2, 144.8, 144.2, 143.7, 143.4, 143.4, 143.3, 143.7, 143.7, 143.6, 143.1, 142.8, 142.4, 142.2, 142.5, 142.9, 143.2, 142.9, 143.6, 144.4, 145.4, 147.3, 144.4, 143.1, 143.4, 142.6, 143.1, 143.3, 143.4, 143.5, 143.6, 143.4, 143.3, 143.1, 143.6, 143.8, 142.1, 142.0, 142.1, 142.4, 142.5, 142.5, 142.5, 142.4, 142.4, 143.7, 143.0, 143.2, 143.5, 143.4, 143.4, 143.4, 143.3, 143.4, 143.4, 143.1, 143.3, 143.4, 143.6, 143.4, 143.3, 143.6, 143.8, 144.0],