{"time": [0, 1, 10, 11, 12, 17, 25, 33, 41, 48, 54, 62, 70, 78, 85, 93, 101, 108, 116, 124, 132, 140, 148, 157, 164, 172, 179, 186, 194, 197, 200, 204, 212, 220, 228, 236, 242, 243, 244, 245, 246, 247, 251, 259, 267, 275, 283, 291, 299, 307, 315, 323, 330, 338, 342, 350, 357, 365, 373, 379, 387, 394, 402, 410, 415, 424, 432, 440, 442, 450, 458, 462, 464, 472, 480, 488, 496, 501, 502, 510, 512, 521, 529, 530, 531, 533, 537, 540, 545, 553, 561, 569, 577, 584, 592, 595, 597, 604, 606, 609, 613, 623, 633, 638, 649, 664, 678, 679, 690, 700, 702, 706, 709, 713, 718, 724, 728, 731, 733, 734, 736, 737, 740, 742, 743, 745, 751, 756, 757, 765, 774, 784, 789, 790, 791, 800, 804, 807, 813, 818, 826, 831, 838, 843, 851, 852, 859, 862, 867, 870, 871, 873, 880, 884, 885, 886, 893, 900, 902, 909, 915, 922, 929, 932, 939, 944, 950, 956, 960, 966, 967, 973, 980, 987, 991, 998, 1004, 1012, 1015, 1022, 1027, 1035, 1042, 1050, 1058, 1066, 1074, 1082, 1089, 1097, 1105, 1113, 1121, 1129, 1135, 1143, 1146, 1155, 1161, 1163, 1172, 1174, 1177, 1183, 1192, 1201, 1209, 1213, 1222, 1225, 1230, 1238, 1243, 1251, 1252, 1255, 1261, 1268, 1275, 1282, 1287, 1288, 1295, 1302, 1309, 1316, 1323, 1331, 1338, 1342, 1347, 1353, 1357, 1366, 1372, 1376, 1384, 1390], "distance": [0.0, 1.9, 23.900000000000002, 26.700000000000003, 29.5, 46.9, 69.3, 91.69999999999999, 114.19999999999999, 136.7, 154.79999999999998, 175.4, 197.1, 218.5, 238.6, 260.70000000000005, 281.0, 301.1, 322.5, 343.20000000000005, 364.40000000000003, 387.20000000000005, 410.0, 431.70000000000005, 453.5, 474.8, 495.0, 515.7, 538.3000000000001, 546.8000000000001, 555.6, 567.3000000000001, 590.0, 612.5, 634.9, 656.9, 674.3000000000001, 677.4, 680.2, 683.3000000000001, 686.3000000000001, 689.2, 700.6, 723.2, 745.7, 767.9, 789.5, 810.6, 832.1, 854.0, 876.6, 897.7, 918.0, 939.2, 949.6, 971.1, 991.1, 1011.8000000000001, 1034.1999999999998, 1051.1, 1073.1, 1093.3999999999999, 1115.5, 1137.3999999999999, 1151.1, 1173.3, 1194.8999999999999, 1216.6999999999998, 1222.3999999999999, 1244.1999999999998, 1265.1999999999998, 1276.5, 1281.8999999999999, 1303.8999999999999, 1326.6999999999998, 1349.3999999999999, 1368.3999999999999, 1380.8, 1383.6, 1405.0, 1410.1999999999998, 1431.5, 1452.6, 1455.1999999999998, 1457.1999999999998, 1462.5, 1472.3, 1480.0, 1493.8999999999999, 1514.5, 1534.8, 1556.6, 1577.8999999999999, 1591.1999999999998, 1609.8999999999999, 1617.3999999999999, 1622.8, 1641.8, 1646.6, 1653.5, 1661.1, 1672.1999999999998, 1678.8, 1685.6, 1700.1999999999998, 1721.0, 1741.6999999999998, 1742.8999999999999, 1758.6999999999998, 1772.6999999999998, 1775.5, 1781.1, 1785.5, 1791.0, 1798.1, 1807.3, 1813.8, 1819.1, 1823.6999999999998, 1826.3999999999999, 1831.5, 1834.0, 1841.8999999999999, 1846.8999999999999, 1849.3999999999999, 1854.5, 1868.8999999999999, 1880.3, 1882.6, 1899.8999999999999, 1921.6999999999998, 1942.6, 1953.3, 1955.6, 1957.8, 1979.5, 1988.6, 1996.5, 2010.3999999999999, 2022.1, 2043.0, 2055.6, 2072.6, 2087.4, 2110.6, 2113.2, 2134.0, 2143.4, 2161.0, 2171.4, 2174.7, 2181.2999999999997, 2202.5, 2214.0, 2217.1, 2220.0, 2240.6, 2262.0, 2267.7, 2289.0, 2307.7999999999997, 2330.4, 2353.0, 2362.5, 2383.5, 2399.9, 2420.7999999999997, 2441.6, 2454.4, 2473.2, 2476.2999999999997, 2498.9, 2520.9, 2541.2999999999997, 2553.6, 2574.5, 2591.4, 2612.5, 2620.2999999999997, 2638.4, 2652.5, 2674.6, 2693.9, 2716.0, 2738.6, 2760.2999999999997, 2782.2999999999997, 2804.1, 2824.1, 2845.7, 2867.9, 2890.4, 2912.7, 2934.7, 2951.2, 2973.1, 2980.0, 3001.9, 3015.6, 3020.2, 3039.9, 3044.2999999999997, 3050.9, 3064.9, 3086.4, 3109.0, 3130.7, 3141.4, 3163.7, 3171.2, 3184.0, 3206.4, 3219.5, 3241.0, 3243.7999999999997, 3251.6, 3268.6, 3289.0, 3310.7, 3332.0, 3347.4, 3350.5, 3372.1, 3393.2, 3415.2999999999997, 3436.2999999999997, 3457.6, 3480.7, 3503.2999999999997, 3516.7999999999997, 3531.5, 3548.2999999999997, 3559.0, 3579.5, 3591.9, 3601.2, 3618.1, 3630.7], "altitude": [145.6, 145.6, 145.8, 145.9, 145.9, 145.9, 146.0, 146.5, 147.9, 149.5, 150.6, 151.4, 152.0, 151.8, 151.5, 151.1, 151.3, 150.9, 150.1, 149.5, 149.0, 149.2, 149.7, 150.1, 150.6, 151.0, 151.7, 152.1, 152.8, 153.3, 154.2, 155.8, 158.1, 158.6, 156.8, 156.6, 156.8, 156.8, 156.9, 157.0, 157.1, 157.2, 157.7, 158.5, 161.2, 165.2, 165.9, 165.0, 164.6, 165.7, 167.4, 167.0, 165.8, 164.9, 164.8, 166.2, 167.8, 168.5, 168.5, 169.0, 169.8, 169.9, 169.6, 169.7, 169.7, 170.5, 171.5, 173.8, 174.2, 175.0, 175.0, 174.8, 174.9, 175.2, 175.8, 176.5, 178.2, 180.5, 180.8, 182.2, 182.3, 182.5, 184.2, 184.4, 184.7, 185.6, 186.9, 187.5, 187.5, 188.0, 189.4, 191.4, 192.2, 193.3, 195.0, 195.8, 196.4, 198.8, 199.3, 200.0, 200.5, 200.7, 200.7, 200.6, 200.6, 202.2, 204.0, 204.1, 204.8, 205.3, 205.5, 205.8, 206.1, 206.5, 207.0, 207.6, 208.0, 208.2, 208.3, 208.4, 208.5, 208.6, 208.9, 209.2, 209.4, 209.9, 211.4, 212.7, 213.0, 214.8, 216.9, 218.5, 219.1, 219.2, 219.4, 221.8, 222.8, 223.1, 222.8, 223.0, 222.5, 223.0, 223.5, 223.3, 221.2, 220.8, 218.8, 218.1, 216.5, 215.5, 215.4, 215.2, 215.3, 215.0, 214.9, 214.8, 213.3, 211.2, 210.7, 209.6, 207.8, 205.5, 202.8, 201.6, 199.5, 198.3, 198.2, 197.7, 199.3, 201.1, 201.1, 199.9, 198.4, 197.2, 196.0, 194.2, 193.7, 194.2, 194.6, 195.5, 196.1, 196.5, 196.7, 197.1, 197.5, 198.0, 198.3, 198.7, 199.0, 199.5, 200.0, 200.4, 201.0, 201.3, 201.4, 202.3, 202.6, 204.7, 206.6, 207.2, 210.6, 211.4, 212.5, 214.1, 215.3, 214.9, 214.7, 215.1, 215.8, 215.8, 215.5, 214.8, 214.8, 215.9, 216.1, 216.7, 217.3, 216.8, 215.1, 213.3, 211.9, 211.6, 209.8, 209.0, 208.3, 207.4, 205.5, 203.0, 199.7, 198.1, 197.8, 198.5, 199.3, 200.9, 201.4, 202.2, 204.4, 205.9], "heartrate": [167, 167, 183, 183, 184, 186, 189, 191, 192, 193, 196, 196, 196, 196, 194, 193, 193, 193, 192, 194, 194, 196, 197, 198, 198, 198, 195, 195, 196, 193, 189, 185, 184, 184, 184, 184, 181, 133, 158, 152, 142, 142, 139, 137, 137, 136, 136, 137, 136, 136, 139, 137, 139, 137, 137, 136, 136, 134, 134, 137, 137, 136, 136, 135, 138, 137, 137, 135, 138, 139, 139, 135, 131, 126, 126, 124, 128, 125, 125, 123, 123, 121, 122, 119, 115, 112, 108, 104, 101, 102, 98, 99, 98, 98, 100, 97, 94, 91, 88, 85, 85, 82, 77, 74, 71, 74, 73, 73, 76, 79, 83, 86, 91, 94, 97, 96, 97, 105, 110, 110, 120, 120, 123, 138, 151, 155, 158, 170, 176, 179, 180, 177, 138, 144, 141, 141, 138, 142, 140, 141, 141, 138, 135, 132, 130, 127, 126, 123, 126, 129, 136, 139, 140, 137, 134, 129, 128, 129, 130, 128, 123, 122, 121, 124, 125, 121, 121, 121, 117, 120, 120, 123, 125, 126, 129, 130, 127, 126, 123, 126, 129, 131, 128, 128, 129, 132, 132, 133, 130, 131, 131, 131, 131, 132, 129, 129, 131, 130, 131, 131, 134, 137, 140, 145, 147, 150, 150, 147, 145, 142, 139, 137, 138, 137, 134, 131, 128, 125, 125, 126, 121, 121, 119, 118, 118, 117, 114, 113, 116, 115, 112, 115, 118, 120, 123, 126, 129, 128], "cadence": [63, 63, 89, 92, 92, 87, 91, 91, 93, 91, 93, 91, 90, 90, 92, 93, 92, 92, 88, 92, 99, 90, 94, 94, 94, 94, 94, 91, 94, 92, 95, 95, 90, 91, 94, 90, 90, 90, 90, 93, 93, 94, 92, 90, 88, 94, 94, 95, 94, 94, 94, 93, 94, 91, 92, 94, 91, 90, 93, 93, 92, 88, 91, 93, 92, 90, 88, 93, 93, 93, 86, 94, 94, 93, 93, 92, 92, 93, 93, 91, 93, 90, 94, 89, 89, 92, 93, 92, 92, 89, 93, 91, 92, 90, 92, 92, 92, 92, 93, 86, 90, 0, 63, 52, 59, 56, 56, 58, 56, 57, 57, 56, 58, 58, 58, 57, 56, 57, 57, 57, 86, 88, 90, 90, 90, 91, 87, 88, 88, 88, 93, 90, 90, 90, 86, 90, 90, 88, 91, 91, 90, 90, 87, 89, 92, 92, 88, 91, 93, 86, 86, 86, 92, 92, 92, 89, 89, 90, 90, 89, 88, 91, 86, 86, 92, 92, 92, 91, 93, 93, 93, 92, 88, 91, 92, 91, 93, 92, 90, 90, 92, 89, 92, 89, 93, 93, 90, 91, 92, 93, 92, 93, 89, 94, 93, 92, 88, 92, 91, 91, 92, 92, 93, 91, 88, 92, 93, 88, 90, 89, 86, 91, 91, 92, 88, 90, 88, 92, 88, 92, 92, 92, 92, 88, 91, 90, 93, 87, 93, 94, 90, 91, 91, 87, 90, 90, 91, 91],