{"time": [0, 5, 10, 17, 24, 33, 37, 44, 52, 58, 63, 71, 79, 87, 92, 96, 97, 98, 106, 115, 118, 128, 129, 130, 138, 146, 149, 157, 165, 173, 179, 185, 190, 199, 207, 215, 218, 220, 228, 235, 243, 248, 253, 262, 271, 279, 287, 295, 304, 312, 320, 327, 334, 342, 347, 356, 363, 371, 379, 380, 381, 388, 393, 400, 407, 415, 418, 419, 420, 421, 422, 426, 429, 437, 442, 448, 457, 466, 468, 476, 484, 486, 494, 498, 506, 513, 521, 528, 535, 538, 539, 545, 549, 554, 561, 568, 575, 582, 589, 595, 596, 602, 609, 613, 619, 626, 633, 640, 642, 649, 656, 663, 669, 676, 678, 684, 689, 692, 699, 705, 709, 716, 722, 728, 730, 737, 744, 749, 754, 757, 764, 767, 768, 775, 779, 780, 781, 786, 792, 797, 804, 805, 806, 807, 812, 816, 823, 824, 828, 829, 831, 834, 835, 840, 847, 852, 859, 866, 873, 877, 883, 890, 894, 901, 908, 915, 917, 924, 929, 936, 942, 949, 956, 963, 970, 973, 977, 978, 979, 984, 991, 998, 1005, 1008, 1009, 1013, 1020, 1023, 1030, 1037, 1044, 1046, 1047, 1053, 1060, 1067, 1074, 1080, 1087, 1094, 1101, 1107, 1114, 1115, 1121, 1123, 1130, 1137, 1140, 1144, 1152, 1156], "distance": [0.0, 12.4, 22.7, 45.5, 66.5, 87.5, 99.60000000000001, 122.30000000000001, 142.5, 157.3, 169.9, 191.0, 212.3, 233.4, 246.6, 256.79999999999995, 259.4, 261.7, 282.0, 304.0, 311.2, 332.59999999999997, 335.09999999999997, 337.5, 358.5, 378.9, 387.0, 408.2, 429.59999999999997, 450.7, 466.79999999999995, 483.09999999999997, 496.29999999999995, 518.6, 539.4, 561.9, 571.1999999999999, 576.9, 599.6999999999999, 621.5, 644.3, 657.1999999999999, 669.9, 691.9, 714.6999999999999, 737.0, 758.4, 779.3, 801.9, 823.6999999999999, 844.8, 862.6999999999999, 879.6999999999999, 901.1, 913.0, 934.3, 954.6999999999999, 977.3, 999.0, 1001.3, 1004.1999999999999, 1024.6000000000001, 1038.4, 1059.0, 1077.8000000000002, 1099.6000000000001, 1107.8000000000002, 1110.6000000000001, 1113.3000000000002, 1115.5, 1117.9, 1128.2, 1136.6000000000001, 1157.8000000000002, 1170.8000000000002, 1187.7, 1208.9, 1229.5, 1234.5, 1255.3000000000002, 1277.0, 1282.3000000000002, 1304.7, 1315.6000000000001, 1337.0, 1357.1000000000001, 1379.7, 1399.8000000000002, 1420.0, 1428.7, 1431.6000000000001, 1448.8000000000002, 1461.0, 1475.9, 1498.0, 1519.8000000000002, 1540.5, 1561.8000000000002, 1584.1000000000001, 1604.7, 1608.0, 1629.3000000000002, 1651.4, 1664.2, 1684.3000000000002, 1706.7, 1729.1000000000001, 1751.4, 1757.1000000000001, 1778.5, 1800.6000000000001, 1822.8000000000002, 1842.7, 1864.5, 1870.5, 1889.2, 1904.0, 1913.0, 1934.3000000000002, 1951.0, 1962.6000000000001, 1982.8000000000002, 2001.5, 2020.7, 2027.2, 2049.5, 2072.0, 2086.8, 2102.3, 2111.5, 2133.1, 2141.8, 2144.7000000000003, 2167.8, 2181.2000000000003, 2184.5, 2188.0, 2204.8, 2225.0, 2239.9, 2260.3, 2263.3, 2266.5, 2269.6, 2284.4, 2296.5, 2317.0, 2320.1, 2332.7000000000003, 2335.9, 2342.2000000000003, 2351.2000000000003, 2354.2000000000003, 2370.2000000000003, 2390.9, 2405.0, 2426.5, 2449.1, 2471.9, 2484.7000000000003, 2504.8, 2526.6, 2539.0, 2559.9, 2581.4, 2604.2000000000003, 2610.5, 2632.2000000000003, 2646.9, 2670.0, 2689.3, 2710.9, 2731.7000000000003, 2754.2000000000003, 2776.1, 2785.2000000000003, 2797.6, 2801.0, 2804.5, 2820.4, 2842.8, 2863.1, 2884.3, 2893.3, 2896.3, 2908.4, 2929.3, 2938.3, 2958.8, 2981.3, 3001.4, 3007.7000000000003, 3010.9, 3029.1, 3051.0, 3072.5, 3095.0, 3113.6, 3133.8, 3154.4, 3175.3, 3192.6, 3214.3, 3217.3, 3234.2000000000003, 3239.2000000000003, 3259.9, 3282.2000000000003, 3292.0, 3304.2000000000003, 3326.5, 3333.4], "altitude": [208.0, 206.8, 205.8, 201.9, 200.7, 199.5, 198.9, 198.3, 200.4, 202.7, 203.6, 204.3, 204.2, 204.2, 204.9, 205.8, 206.1, 206.4, 209.4, 213.1, 214.1, 216.6, 216.9, 217.1, 218.7, 218.9, 218.8, 218.6, 218.4, 218.0, 217.5, 216.9, 216.4, 216.2, 215.7, 213.8, 212.9, 212.1, 208.4, 205.7, 203.6, 203.3, 203.6, 204.1, 204.8, 205.2, 205.7, 206.1, 206.5, 207.2, 208.7, 210.5, 212.4, 214.0, 214.5, 215.6, 216.7, 217.2, 216.8, 216.7, 216.6, 215.7, 215.3, 215.8, 217.9, 219.4, 219.5, 219.5, 219.5, 219.5, 219.5, 219.7, 220.0, 220.6, 220.9, 221.3, 221.7, 221.7, 221.6, 221.0, 220.4, 220.3, 220.4, 220.6, 220.6, 220.3, 219.9, 219.7, 219.5, 219.2, 219.1, 218.3, 218.0, 218.3, 217.6, 216.4, 214.4, 213.2, 212.9, 212.3, 212.3, 211.6, 211.2, 210.6, 209.4, 207.8, 205.5, 203.2, 202.9, 202.6, 203.1, 203.6, 204.3, 204.9, 205.0, 204.3, 203.3, 202.7, 202.6, 202.3, 201.9, 200.3, 198.4, 197.5, 197.3, 196.5, 194.9, 193.2, 190.9, 189.4, 186.5, 185.7, 185.4, 183.9, 182.9, 182.6, 182.3, 181.0, 180.2, 179.9, 179.4, 179.4, 179.3, 179.1, 178.2, 177.7, 177.0, 177.0, 176.7, 176.6, 176.5, 176.5, 176.4, 175.7, 174.6, 173.8, 172.9, 171.8, 170.4, 169.8, 169.3, 169.2, 169.3, 169.6, 169.7, 169.8, 169.7, 169.2, 168.6, 167.2, 165.7, 164.7, 163.9, 162.7, 162.0, 161.7, 161.3, 161.2, 161.1, 160.6, 160.2, 160.0, 159.8, 159.4, 159.2, 158.2, 157.5, 157.5, 157.2, 158.7, 161.1, 160.4, 159.9, 156.1, 154.5, 153.9, 152.8, 152.3, 152.0, 151.6, 151.6, 152.0, 152.3, 152.3, 152.4, 152.2, 151.4, 150.3, 149.6, 148.7, 147.9, 147.9], "heartrate": [172, 172, 172, 172, 173, 172, 175, 175, 175, 174, 172, 172, 170, 169, 172, 175, 179, 179, 179, 180, 183, 183, 176, 176, 176, 177, 174, 172, 172, 172, 169, 172, 175, 175, 174, 174, 177, 180, 179, 182, 180, 180, 179, 178, 181, 183, 184, 185, 184, 182, 181, 175, 172, 170, 167, 167, 167, 168, 169, 173, 173, 174, 178, 178, 179, 178, 117, 136, 130, 121, 117, 120, 124, 125, 128, 131, 130, 128, 125, 123, 122, 119, 118, 115, 116, 115, 113, 114, 114, 120, 120, 116, 113, 110, 112, 112, 110, 109, 110, 110, 110, 109, 111, 114, 114, 111, 111, 109, 106, 106, 105, 104, 101, 102, 105, 108, 105, 101, 99, 102, 105, 103, 108, 111, 108, 106, 106, 103, 100, 97, 96, 91, 91, 91, 98, 102, 105, 108, 110, 107, 105, 100, 97, 97, 93, 89, 92, 95, 98, 101, 105, 100, 100, 103, 104, 106, 107, 106, 106, 109, 107, 106, 109, 110, 112, 112, 112, 110, 107, 110, 118, 121, 121, 124, 124, 121, 114, 109, 109, 106, 105, 104, 103, 106, 109, 113, 112, 108, 106, 106, 96, 88, 88, 85, 84, 86, 88, 91, 90, 89, 88, 85, 89, 89, 83, 80, 78, 78, 81, 77, 76, 77], "cadence": [63, 64, 87, 85, 85, 91, 84, 93, 90, 93, 92, 90, 91, 91, 91, 88, 90, 90, 92, 86, 91, 92, 86, 85, 87, 88, 90, 89, 88, 91, 89, 91, 91, 87, 92, 90, 90, 87, 91, 91, 87, 90, 93, 93, 92, 90, 89, 92, 89, 92, 88, 91, 91, 93, 91, 91, 85, 92, 90, 90, 91, 92, 91, 92, 92, 94, 87, 87, 91, 91, 91, 89, 86, 92, 91, 91, 89, 88, 86, 88, 91, 91, 86, 85, 88, 89, 88, 93, 89, 90, 91, 91, 91, 91, 92, 89, 92, 93, 90, 94, 94, 91, 89, 90, 93, 91, 93, 93, 90, 93, 92, 93, 93, 90, 89, 91, 93, 93, 93, 92, 93, 92, 91, 87, 92, 92, 93, 92, 91, 90, 93, 92, 92, 92, 92, 91, 91, 92, 93, 95, 93, 94, 94, 94, 91, 93, 93, 93, 89, 92, 92, 92, 92, 93, 93, 93, 92, 94, 94, 94, 95, 94, 93, 93, 93, 94, 95, 93, 95, 95, 95, 95, 93, 95, 95, 96, 96, 96, 96, 93, 93, 90, 93, 91, 91, 90, 92, 92, 92, 91, 90, 93, 93, 92, 92, 92, 92, 91, 92, 91, 91, 92, 93, 94, 89, 90, 91, 92, 92, 93, 91, 88],