{"time": [0, 8, 18, 26, 38, 49, 61, 72, 84, 96, 98, 109, 111, 118, 131, 144, 156, 167, 170, 181, 192, 204, 214, 226, 238, 250, 262, 273, 284, 285, 297, 308, 319, 330, 341, 352, 354, 365, 370, 382, 394, 405, 409, 422, 435, 447, 459, 467, 479, 490, 502, 513, 524, 529, 530, 542, 553, 564, 574, 586, 597, 608, 619, 621, 633, 644, 649, 661, 672, 683, 695, 699, 710, 721, 732, 736, 748, 759, 771, 783, 788, 800, 811, 816, 827, 839, 843, 852, 864, 876, 888, 889, 900, 901, 912, 924, 936, 947, 954, 966, 978, 983, 995, 1007, 1019, 1029, 1041, 1052, 1055, 1067, 1070, 1082, 1093, 1095, 1106, 1118, 1129, 1138, 1149, 1161, 1167, 1179, 1191, 1203, 1215, 1217, 1223, 1236, 1239, 1244, 1255, 1260, 1271, 1282, 1284, 1290, 1294, 1306, 1318, 1321, 1332, 1338, 1350, 1361, 1366, 1374, 1385, 1397, 1405, 1416, 1427, 1434, 1438, 1455, 1457, 1459, 1493, 1527, 1592, 1605], "distance": [0.0, 12.9, 31.7, 46.599999999999994, 67.2, 87.7, 109.39999999999999, 129.9, 150.8, 172.0, 175.70000000000002, 194.20000000000002, 198.5, 211.20000000000002, 232.4, 252.5, 273.2, 293.3, 299.0, 319.2, 339.7, 360.8, 379.6, 401.1, 422.40000000000003, 443.3, 465.0, 485.2, 506.1, 508.2, 529.1999999999999, 549.3, 569.9, 590.9, 611.0999999999999, 631.1999999999999, 634.6999999999999, 654.9, 664.1999999999999, 685.5, 706.8, 726.9, 733.4, 754.6999999999999, 776.3, 798.0, 819.6999999999999, 832.1999999999999, 853.8, 874.3, 896.0, 916.1999999999999, 937.0, 945.0999999999999, 946.5999999999999, 967.8, 987.9, 1008.6999999999999, 1027.6, 1048.8, 1069.1, 1089.8, 1110.2, 1113.8, 1135.3, 1155.3999999999999, 1165.1, 1186.7, 1207.1, 1227.6, 1248.8, 1256.1, 1276.2, 1297.2, 1317.7, 1324.2, 1345.8999999999999, 1366.3999999999999, 1387.8, 1409.3, 1417.8999999999999, 1438.8, 1459.2, 1467.8999999999999, 1488.3, 1509.6, 1517.1, 1533.8, 1554.8999999999999, 1575.3999999999999, 1597.0, 1598.7, 1619.6, 1621.3, 1642.0, 1662.3999999999999, 1683.2, 1703.8, 1716.3999999999999, 1737.1, 1758.8, 1767.7, 1789.3, 1809.6, 1830.7, 1848.3999999999999, 1869.8, 1890.3, 1895.5, 1917.2, 1922.5, 1943.2, 1964.1, 1967.8999999999999, 1988.3, 2009.1, 2029.2, 2046.0, 2066.4, 2087.8, 2098.5, 2120.0, 2141.3, 2161.5, 2182.9, 2186.1000000000004, 2195.0, 2214.1000000000004, 2219.4, 2228.8, 2250.4, 2259.7000000000003, 2279.9, 2300.8, 2304.4, 2316.0, 2324.0, 2345.2000000000003, 2366.3, 2372.1000000000004, 2392.7000000000003, 2403.6000000000004, 2424.5, 2445.6000000000004, 2455.1000000000004, 2470.5, 2490.6000000000004, 2511.5, 2525.3, 2546.2000000000003, 2566.4, 2579.3, 2583.2000000000003, 2604.3, 2606.5, 2607.1000000000004, 2609.8, 2612.5, 2616.7000000000003, 2618.9], "altitude": [643.0, 642.0, 642.4, 643.2, 643.4, 644.2, 644.4, 645.0, 644.6, 645.4, 646.4, 645.2, 646.4, 647.4, 647.4, 647.6, 647.4, 647.6, 648.4, 648.2, 648.4, 648.8, 649.6, 649.8, 650.0, 650.6, 650.8, 651.0, 651.2, 651.6, 651.8, 652.8, 653.2, 653.6, 653.8, 653.8, 653.8, 654.2, 655.0, 655.4, 655.8, 655.8, 656.0, 656.4, 656.6, 656.6, 656.4, 657.0, 657.2, 657.6, 657.6, 658.2, 658.4, 659.2, 659.6, 659.0, 659.2, 659.6, 660.4, 660.4, 660.2, 660.8, 661.0, 661.4, 662.0, 662.0, 662.6, 662.4, 663.2, 663.0, 663.4, 663.8, 664.2, 664.6, 664.6, 665.4, 665.0, 665.4, 665.8, 666.0, 666.4, 666.8, 667.0, 667.4, 667.4, 667.8, 668.6, 667.6, 667.8, 668.2, 668.4, 668.6, 669.6, 669.6, 670.0, 670.2, 670.0, 670.2, 670.8, 671.0, 671.2, 671.8, 671.8, 672.2, 672.2, 673.0, 672.6, 673.2, 674.2, 673.4, 673.2, 673.4, 674.0, 674.4, 674.4, 674.8, 675.2, 675.4, 675.6, 676.0, 676.4, 676.6, 676.8, 677.2, 677.4, 677.4, 677.4, 678.6, 677.0, 678.4, 678.4, 678.6, 679.0, 679.0, 679.0, 679.0, 679.4, 679.8, 680.2, 680.4, 680.8, 681.8, 681.0, 681.8, 683.0, 682.0, 682.4, 682.4, 683.0, 683.6, 683.8, 684.2, 684.4, 684.8, 684.4, 684.6, 685.4, 684.4, 685.4, 685.0], "cadence": [0, 61, 61, 61, 60, 61, 61, 61, 61, 61, 61, 61, 61, 61, 59, 60, 62, 61, 61, 62, 62, 61, 63, 61, 61, 61, 61, 61, 61, 61, 61, 64, 64, 64, 64, 64, 64, 64, 61, 65, 63, 63, 62, 62, 62, 61, 63, 60, 61, 61, 61, 62, 62, 61, 58, 62, 61, 61, 61, 61, 61, 63, 62, 62, 62, 61, 61, 61, 62, 61, 62, 61, 61, 63, 61, 61, 61, 61, 61, 61, 61, 62, 61, 61, 61, 61, 61, 61, 61, 61, 61, 61, 61, 61, 62, 60, 58, 60, 61, 59, 61, 61, 62, 61, 61, 61, 60, 61, 61, 61, 61, 61, 62, 62, 61, 61, 61, 61, 62, 61, 61, 62, 61, 61, 61, 61, 0, 61, 61, 61, 61, 62, 61, 62, 61, 62, 62, 61, 61, 61, 61, 61, 62, 64, 61, 61, 61, 61, 61, 61, 62, 61, 62, 55, 55, 0, 0, 0, 0, 0], "grade_adjusted_distance": [0.7, 13.8, 33.1, 49.9, 72.8, 95.2, 118.2, 139.9, 163.5, 185.0, 189.3, 212.1, 216.7, 231.7, 254.1, 274.4, 296.4, 317.3, 323.3, 345.1, 366.9, 389.7, 410.0, 433.5, 456.1, 478.3, 501.3, 522.8, 545.0, 547.4, 571.3, 593.5, 616.2, 638.3, 659.3, 680.1, 684.0, 706.8, 717.2, 740.5, 763.1, 784.4, 791.2, 813.5, 835.5, 857.9, 880.3, 893.5, 916.5, 938.3, 961.3, 983.4, 1007.9, 1016.5, 1018.1, 1039.9, 1060.8, 1083.1, 1103.0, 1125.5, 1146.4, 1168.4, 1191.2, 1195.1, 1219.3, 1240.6, 1251.0, 1273.8, 1295.0, 1317.3, 1339.8, 1347.8, 1369.4, 1392.5, 1414.0, 1420.8, 1444.1, 1465.2, 1488.3, 1511.6, 1520.8, 1543.8, 1565.5, 1574.7, 1597.5, 1619.1, 1626.8, 1643.9, 1664.8, 1686.6, 1710.8, 1712.7, 1736.9, 1738.8, 1760.0, 1781.0, 1802.7, 1824.3, 1837.7, 1860.6, 1883.6, 1893.1, 1916.0, 1937.5, 1959.5, 1978.1, 2002.4, 2023.4, 2028.8, 2050.9, 2056.1, 2078.5, 2101.1, 2105.2, 2127.2, 2149.1, 2170.5, 2188.4, 2210.3, 2233.1, 2244.6, 2267.5, 2289.9, 2311.1, 2333.5, 2337.1, 2345.6, 2366.6, 2372.3, 2381.7, 2406.4, 2416.1, 2437.2, 2458.7, 2462.4, 2474.9, 2483.6, 2507.1, 2530.0, 2536.7, 2558.5, 2570.2, 2594.4, 2615.7, 2626.1, 2642.1, 2662.2, 2684.9, 2699.8, 2723.1, 2745.4, 2759.5, 2763.6, 2786.0, 2788.5, 2789.3, 2793.3, 2796.4, 2799.9, 2803.1], "grade_smooth": [-1.9, 0.4, 0.6, 2.9, 2.6, 2.2, 1.4, 1.4, 3.0, 0.3, 3.8, 5.1, 1.8, 4.1, 1.3, 0.2, 1.5, 0.9, 1.5, 1.8, 1.5, 2.0, 1.9, 2.2, 1.4, 1.4, 1.4, 1.5, 1.6, 2.8, 3.1, 2.4, 2.4, 1.2, 0.9, 0.9, 2.3, 2.9, 2.8, 2.2, 1.4, 1.4, 1.2, 1.1, 0.5, 0.8, 0.8, 1.3, 1.6, 1.4, 1.4, 2.3, 4.0, 1.6, 1.6, 0.6, 1.0, 1.7, 1.2, 1.5, 0.7, 1.5, 2.7, 1.8, 2.9, 1.4, 1.7, 1.4, 1.0, 2.0, 1.4, 2.3, 1.7, 2.3, 1.1, 1.2, 1.7, 0.7, 1.9, 1.9, 1.7, 2.4, 1.4, 1.4, 2.8, 0.3, 0.6, 0.6, -0.3, 1.5, 2.8, 3.1, 3.6, 2.5, 0.6, 0.7, 1.1, 1.1, 1.6, 2.5, 1.4, 1.7, 1.4, 1.5, 1.0, 1.2, 3.1, 0.6, 1.1, 0.4, -0.3, 2.0, 1.8, 2.1, 1.8, 1.3, 1.5, 1.5, 1.7, 1.6, 1.6, 1.6, 1.2, 1.2, 1.1, 2.7, -1.1, 2.3, 1.8, 0.0, 3.3, 0.8, 1.1, 0.7, 0.9, 1.8, 1.9, 2.5, 2.0, 3.4, 1.4, 1.9, 3.5, 0.3, 2.1, 0.9, 0.0, 2.1, 1.8, 2.7, 2.4, 2.1, 1.5, 1.4, 3.8, 4.8, 9.8, 3.4, -4.4, 9.4]}