{"time": [0, 16, 29, 42, 54, 67, 80, 93, 106, 107, 120, 133, 146, 160, 173, 184, 197, 203, 217, 230, 244, 256, 267, 280, 293, 294, 306, 314, 327, 340, 353, 366, 376, 389, 391, 404, 415, 428, 430, 444, 453, 466, 479, 487, 500, 513, 526, 539, 552, 565, 578, 584, 597, 610, 623, 636, 644, 656, 669, 682, 695, 707, 720, 727, 739, 747, 760, 773, 786, 798, 811, 817, 828, 835, 847, 859, 864, 877, 890, 903, 916, 929, 942, 953, 966, 979, 992, 1000, 1012, 1026, 1039, 1052, 1056, 1070, 1071, 1083, 1085, 1097, 1111, 1125, 1138, 1151, 1153, 1166, 1180, 1193, 1206, 1219, 1232, 1245, 1258, 1271, 1284, 1297, 1310, 1323, 1336, 1348, 1361, 1374, 1387, 1398, 1411, 1418, 1430, 1443, 1455, 1468, 1481, 1494, 1507, 1521, 1535, 1548, 1561, 1574, 1587, 1600, 1613, 1626, 1638, 1639, 1651, 1664, 1668, 1681, 1695, 1710, 1722, 1735, 1745, 1757, 1769, 1773, 1787, 1801, 1805, 1817, 1830, 1835, 1848, 1861, 1874, 1887, 1900, 1902, 1915, 1928, 1942, 1945, 1958, 1972, 1981, 1993, 2006, 2008, 2010, 2016, 2020], "distance": [0.0, 21.3, 42.900000000000006, 64.2, 84.5, 104.7, 125.5, 146.0, 167.7, 169.29999999999998, 190.29999999999998, 211.6, 233.1, 254.6, 275.59999999999997, 294.4, 315.8, 325.5, 346.59999999999997, 367.59999999999997, 388.8, 409.3, 427.09999999999997, 447.3, 468.0, 469.7, 489.7, 502.8, 523.4000000000001, 544.1, 564.7, 585.3000000000001, 601.0, 621.7, 625.0, 645.8000000000001, 662.7, 683.1, 686.2, 707.5, 721.1, 741.9000000000001, 762.8000000000001, 776.2, 796.6, 817.4000000000001, 838.6, 859.1, 879.6, 900.9000000000001, 922.4000000000001, 932.7, 953.4000000000001, 975.1, 995.4000000000001, 1016.5, 1029.4, 1049.7, 1070.5, 1092.3, 1113.7, 1133.7, 1155.2, 1166.8, 1186.9, 1200.2, 1221.6000000000001, 1243.1000000000001, 1263.9, 1284.8, 1306.1000000000001, 1316.0, 1333.8, 1345.0, 1364.0, 1384.6000000000001, 1393.2, 1413.6000000000001, 1434.6000000000001, 1454.8, 1476.0, 1496.4, 1518.0, 1535.3, 1556.4, 1577.3, 1597.4, 1610.3, 1629.8, 1651.2, 1671.7, 1691.9, 1697.3, 1718.5, 1720.2, 1741.0, 1744.3, 1762.3, 1782.9, 1804.4, 1824.4, 1845.9, 1849.0, 1869.3, 1890.2, 1911.3, 1931.6000000000001, 1952.4, 1973.4, 1994.8, 2015.3, 2036.4, 2057.3999999999996, 2078.7, 2099.8999999999996, 2121.0, 2142.1, 2162.2, 2182.7, 2203.8999999999996, 2224.3999999999996, 2242.3999999999996, 2263.0, 2274.1, 2294.1, 2315.3999999999996, 2335.7, 2357.2999999999997, 2379.0, 2400.2, 2421.2, 2442.0, 2463.2999999999997, 2484.7, 2505.2999999999997, 2526.2999999999997, 2547.3999999999996, 2568.1, 2589.3999999999996, 2610.3999999999996, 2630.7, 2632.3999999999996, 2652.3999999999996, 2673.7, 2680.1, 2700.5, 2721.2999999999997, 2742.3999999999996, 2763.2, 2783.6, 2798.6, 2819.5, 2839.7999999999997, 2846.2, 2867.6, 2888.5, 2894.1, 2914.3999999999996, 2935.7, 2943.6, 2963.7999999999997, 2984.2, 3005.3999999999996, 3026.1, 3046.1, 3049.2999999999997, 3069.7999999999997, 3090.6, 3111.5, 3116.2999999999997, 3136.7, 3158.3999999999996, 3171.2, 3192.2, 3212.7999999999997, 3215.8999999999996, 3218.8999999999996, 3225.1, 3225.1], "altitude": [58.2, 57.8, 58.2, 58.6, 58.6, 58.8, 58.6, 59.0, 59.2, 59.2, 59.8, 59.4, 59.0, 60.6, 61.0, 61.8, 62.4, 62.8, 62.6, 63.2, 62.4, 62.2, 61.6, 61.2, 60.6, 60.6, 60.0, 59.4, 59.6, 58.6, 60.0, 60.0, 60.4, 61.4, 61.6, 62.4, 62.8, 63.6, 63.8, 63.2, 62.6, 62.6, 61.8, 61.6, 62.0, 61.6, 61.4, 61.6, 61.8, 62.2, 62.4, 62.6, 62.6, 62.8, 62.8, 63.2, 63.8, 63.4, 63.6, 63.4, 64.8, 65.6, 64.2, 63.6, 63.8, 62.4, 62.6, 63.2, 62.0, 61.4, 60.8, 60.2, 59.2, 58.2, 57.2, 56.4, 56.0, 56.0, 55.8, 55.6, 55.6, 55.8, 55.4, 55.0, 55.0, 55.2, 55.4, 54.4, 54.2, 54.4, 54.6, 55.0, 55.2, 56.0, 56.2, 57.0, 57.2, 58.2, 58.4, 58.6, 58.8, 58.8, 59.2, 59.2, 59.6, 59.4, 59.6, 59.4, 59.2, 59.6, 60.0, 60.0, 58.8, 58.6, 58.2, 58.2, 57.6, 57.8, 57.6, 57.8, 58.6, 59.6, 60.2, 60.4, 60.4, 61.6, 61.0, 60.8, 60.6, 61.2, 61.2, 61.0, 61.4, 61.2, 61.2, 61.2, 61.4, 61.0, 61.2, 61.2, 60.6, 60.4, 60.2, 59.8, 59.2, 59.4, 59.2, 58.8, 59.6, 60.0, 60.4, 60.6, 61.2, 61.8, 61.0, 61.4, 60.4, 60.0, 59.8, 59.2, 59.4, 59.6, 59.6, 59.8, 60.2, 60.2, 60.0, 59.8, 60.0, 60.0, 60.0, 60.0, 61.2, 61.8, 62.4, 62.4, 62.4, 62.4, 62.6], "cadence": [0, 63, 62, 63, 62, 62, 63, 63, 62, 61, 63, 63, 61, 61, 61, 61, 61, 61, 62, 61, 63, 62, 64, 62, 62, 62, 62, 63, 62, 62, 61, 61, 61, 61, 61, 61, 61, 61, 61, 62, 62, 61, 62, 64, 64, 62, 63, 61, 62, 61, 63, 65, 64, 63, 63, 64, 63, 63, 64, 65, 63, 65, 65, 65, 61, 61, 64, 64, 64, 65, 66, 63, 64, 64, 62, 64, 64, 63, 61, 63, 63, 64, 62, 62, 63, 62, 63, 61, 61, 61, 63, 61, 61, 62, 62, 61, 62, 62, 61, 62, 61, 61, 61, 61, 60, 61, 62, 65, 63, 64, 62, 66, 64, 62, 64, 65, 65, 64, 63, 62, 61, 64, 61, 63, 63, 62, 62, 63, 61, 62, 61, 61, 62, 61, 61, 63, 62, 63, 64, 65, 65, 65, 63, 63, 62, 63, 63, 61, 60, 61, 61, 61, 63, 63, 62, 63, 62, 61, 62, 63, 62, 63, 61, 61, 63, 63, 62, 62, 61, 61, 61, 61, 62, 61, 61, 61, 61, 0, 0], "grade_adjusted_distance": [0.3, 22.1, 44.2, 66.5, 87.2, 107.8, 129.3, 150.3, 173.7, 175.3, 196.1, 218.8, 241.6, 265.8, 290.7, 312.0, 335.5, 345.9, 367.0, 387.4, 407.6, 426.1, 442.4, 460.6, 479.2, 480.7, 499.3, 511.1, 531.7, 553.0, 574.5, 598.4, 615.9, 640.2, 644.1, 668.1, 687.7, 709.2, 712.3, 732.2, 744.4, 763.4, 783.6, 796.3, 816.3, 837.1, 858.1, 879.2, 900.7, 923.2, 945.7, 956.3, 977.5, 999.8, 1021.5, 1043.3, 1056.8, 1077.3, 1099.1, 1123.4, 1145.4, 1165.6, 1186.0, 1195.6, 1213.8, 1226.8, 1246.3, 1266.8, 1285.9, 1303.7, 1321.8, 1329.9, 1343.9, 1352.9, 1368.3, 1386.4, 1394.4, 1413.9, 1434.5, 1454.5, 1475.2, 1495.0, 1516.0, 1532.8, 1553.9, 1574.1, 1593.4, 1605.7, 1624.4, 1646.4, 1668.2, 1690.5, 1696.6, 1721.7, 1723.7, 1749.2, 1753.0, 1773.0, 1795.3, 1817.5, 1838.5, 1860.8, 1864.1, 1885.1, 1906.4, 1927.8, 1947.7, 1968.7, 1990.1, 2012.1, 2032.2, 2052.3, 2071.6, 2091.2, 2111.2, 2131.5, 2152.0, 2171.7, 2193.2, 2216.5, 2239.8, 2260.8, 2283.7, 2296.1, 2317.0, 2338.7, 2359.2, 2380.4, 2402.3, 2423.7, 2445.6, 2466.4, 2487.7, 2509.3, 2529.9, 2550.7, 2571.8, 2592.5, 2612.9, 2633.2, 2652.2, 2653.8, 2671.6, 2691.7, 2697.7, 2717.0, 2738.2, 2759.9, 2782.1, 2804.5, 2820.8, 2844.3, 2865.4, 2872.1, 2892.3, 2911.1, 2916.3, 2933.6, 2953.7, 2961.4, 2981.4, 3002.4, 3024.5, 3045.9, 3066.5, 3069.7, 3089.9, 3110.5, 3131.4, 3136.2, 3158.4, 3182.3, 3196.8, 3221.7, 3244.6, 3247.9, 3251.1, 3257.9, 3257.9], "grade_smooth": [0.0, 0.6, 0.5, 1.2, 0.5, 0.5, 0.7, 0.6, 1.9, 0.6, -0.3, 1.6, 1.4, 2.9, 4.1, 3.1, 2.3, 1.9, 0.0, -0.7, -1.2, -2.5, -2.3, -2.6, -2.6, -3.2, -1.8, -2.7, 0.0, 0.7, 1.0, 3.6, 2.7, 4.0, 3.9, 3.6, 3.6, 1.3, -0.3, -1.7, -2.6, -2.3, -0.8, -1.3, -0.5, 0.0, -0.2, 0.7, 1.2, 1.4, 1.1, 0.8, 0.5, 0.7, 1.6, 0.8, 1.1, 0.3, 1.2, 2.6, 0.7, 0.3, -1.4, -4.8, -2.4, -0.5, -2.3, -1.2, -2.1, -4.1, -4.0, -5.3, -6.2, -5.5, -5.4, -3.2, -2.0, -1.1, -0.5, -0.2, -0.5, -0.7, -0.7, -0.7, 0.0, -0.8, -1.1, -1.1, -1.1, 0.7, 1.5, 2.4, 3.3, 4.1, 4.3, 5.0, 3.5, 2.5, 2.0, 0.7, 1.2, 0.9, 1.2, 0.9, 0.5, 0.2, -0.5, 0.2, 0.5, 0.7, -0.5, -1.2, -2.1, -2.1, -1.4, -1.0, -0.7, -0.5, 1.2, 2.2, 3.2, 3.7, 2.6, 2.7, 1.1, 0.5, 0.2, -0.5, 0.2, 0.2, 0.9, 0.0, 0.0, 0.2, 0.0, -0.2, 0.0, 0.0, -1.0, -0.9, -1.6, -2.2, -2.8, -1.5, -1.5, -1.5, 0.5, 0.7, 1.6, 2.3, 2.1, 2.9, 0.9, 1.2, -1.5, -2.6, -1.8, -4.0, -1.4, -0.6, -0.3, 0.7, 1.0, 0.9, 0.6, 0.0, -0.3, -0.3, 0.0, 0.3, 2.0, 2.4, 3.2, 4.2, 2.5, 1.8, 1.6, 2.2, 3.2]}