{"time": [0, 5, 11, 26, 41, 57, 60, 75, 88, 103, 118, 131, 147, 162, 178, 194, 209, 224, 239, 254, 270, 285, 300, 315, 330, 335, 350, 365, 380, 395, 409, 423, 438, 453, 467, 482, 496, 510, 525, 539, 553, 567, 581, 595, 609, 623, 638, 653, 667, 681, 695, 709, 723, 737, 751, 765, 779, 793, 807, 822, 836, 850, 864, 877, 890, 904, 918, 932, 945, 959, 972, 985, 998, 1011, 1024, 1037, 1050, 1063, 1076, 1089, 1102, 1105, 1109, 1117, 1130, 1143, 1157, 1171, 1185, 1198, 1212, 1226, 1239, 1253, 1267, 1281, 1295, 1309, 1322, 1335, 1349, 1362, 1375, 1388, 1401, 1415, 1427, 1440, 1453, 1467, 1475, 1480, 1493, 1506, 1519, 1532, 1546, 1560, 1574, 1587, 1600, 1613, 1626, 1640, 1654, 1668, 1681, 1690, 1703, 1716, 1729, 1742, 1756, 1769, 1782, 1795, 1808, 1821, 1834, 1847, 1861, 1875, 1889, 1902, 1915, 1928, 1941, 1955, 1968, 1982, 1996, 2009, 2022, 2035, 2048, 2062, 2075, 2088, 2101, 2114, 2127, 2133, 2138, 2151, 2164, 2178, 2192, 2197, 2202, 2207, 2220, 2231, 2244, 2255, 2268, 2281, 2294, 2307, 2320, 2334, 2347, 2360, 2373, 2386, 2400, 2413, 2427, 2440, 2454, 2467, 2480, 2493, 2506, 2519, 2533, 2547, 2560, 2574, 2588, 2602, 2615, 2628, 2641, 2654, 2668, 2682, 2695, 2708, 2720, 2733, 2746, 2758, 2771, 2784, 2797, 2810, 2823, 2837, 2850, 2863, 2876, 2889, 2902, 2915, 2929, 2943, 2958, 2972, 2985, 2997, 3010, 3024, 3037, 3051, 3064, 3076, 3089, 3102, 3116, 3130, 3143, 3156, 3163, 3176, 3189, 3202, 3215, 3227, 3241, 3255, 3269, 3282, 3295, 3308, 3321, 3334, 3347, 3361, 3375, 3388, 3401, 3414, 3427, 3440, 3453, 3466, 3479, 3492, 3505, 3518, 3531, 3544, 3557, 3570, 3584, 3597, 3610, 3624, 3637, 3650, 3663, 3676, 3689, 3702, 3716, 3729, 3741, 3754, 3767, 3780, 3793, 3806, 3819, 3832, 3845, 3858, 3871, 3883, 3896, 3910, 3912, 3924, 3938, 3951, 3964, 3977, 3990, 4002, 4015, 4028, 4040, 4053, 4066, 4079, 4092, 4105, 4117, 4130, 4143, 4156, 4168, 4181, 4193, 4206, 4219, 4233, 4246, 4259, 4272, 4285, 4298, 4310, 4322, 4335, 4349, 4361, 4373, 4386, 4399, 4412, 4425, 4438, 4452, 4465, 4478, 4491, 4504, 4517, 4530, 4543, 4556, 4569, 4579], "distance": [0.0, 7.200000000000001, 15.799999999999999, 36.4, 57.3, 78.4, 83.10000000000001, 104.10000000000001, 122.0, 142.3, 163.1, 183.20000000000002, 204.3, 224.8, 245.4, 265.59999999999997, 286.0, 306.29999999999995, 326.5, 347.29999999999995, 368.09999999999997, 389.4, 409.59999999999997, 430.09999999999997, 451.59999999999997, 458.79999999999995, 480.09999999999997, 501.2, 522.0, 542.6, 563.1, 583.4, 604.6999999999999, 626.3, 647.8, 669.1999999999999, 689.4, 710.0, 731.5, 752.0, 772.4, 793.0, 813.4, 834.1, 855.4, 875.5, 896.6, 917.6999999999999, 939.0, 959.9, 980.5, 1000.5, 1021.6999999999999, 1042.1000000000001, 1062.8000000000002, 1083.2, 1103.4, 1124.9, 1146.4, 1167.8000000000002, 1189.1000000000001, 1209.4, 1230.6000000000001, 1250.9, 1272.0, 1293.3000000000002, 1314.2, 1335.5, 1356.1000000000001, 1377.3000000000002, 1397.4, 1417.4, 1438.1000000000001, 1458.4, 1479.3000000000002, 1499.7, 1519.9, 1540.3000000000002, 1561.6000000000001, 1582.8000000000002, 1603.6000000000001, 1608.5, 1614.8000000000002, 1627.4, 1648.5, 1669.1000000000001, 1690.2, 1711.1000000000001, 1732.4, 1752.4, 1773.6000000000001, 1794.9, 1815.0, 1836.3000000000002, 1857.4, 1877.6000000000001, 1898.5, 1919.9, 1940.8000000000002, 1961.1000000000001, 1982.6000000000001, 2003.2, 2023.6000000000001, 2045.0, 2065.7000000000003, 2086.8, 2107.0, 2128.0, 2148.3, 2169.4, 2181.6, 2189.1, 2210.0, 2231.0, 2251.7000000000003, 2273.0, 2294.1, 2315.0, 2336.3, 2356.8, 2378.2000000000003, 2398.6, 2419.3, 2439.9, 2460.1, 2480.7000000000003, 2501.3, 2515.8, 2536.2000000000003, 2557.6, 2578.4, 2599.4, 2620.2000000000003, 2640.8, 2661.3, 2681.7000000000003, 2702.0, 2722.3, 2743.2000000000003, 2763.5, 2785.0, 2806.3, 2827.4, 2848.3, 2868.9, 2889.0, 2909.6, 2931.1, 2951.5, 2972.5, 2993.8, 3014.3, 3034.5, 3055.8, 3076.4, 3097.9, 3118.6, 3139.0, 3159.7000000000003, 3181.3, 3201.8, 3210.9, 3218.6, 3239.0, 3259.7000000000003, 3280.6, 3301.7000000000003, 3310.0, 3317.5, 3325.8, 3345.9, 3362.3, 3382.9, 3401.1, 3422.4, 3443.3, 3464.7000000000003, 3486.0, 3506.5, 3527.7000000000003, 3548.1, 3568.3, 3589.0, 3609.4, 3631.0, 3651.4, 3672.8, 3693.3, 3714.2000000000003, 3735.3, 3755.7000000000003, 3776.2000000000003, 3796.4, 3816.7000000000003, 3838.1, 3859.7000000000003, 3880.0, 3901.5, 3922.8, 3944.3, 3965.1, 3985.9, 4006.8, 4028.0, 4049.5, 4071.0, 4091.8, 4112.9, 4132.9, 4153.4, 4173.9, 4193.9, 4214.7, 4235.4, 4255.599999999999, 4276.2, 4296.5, 4317.5, 4337.9, 4358.7, 4378.799999999999, 4398.9, 4419.299999999999, 4439.599999999999, 4459.799999999999, 4480.299999999999, 4501.7, 4523.2, 4544.099999999999, 4564.299999999999, 4584.7, 4606.299999999999, 4627.099999999999, 4648.4, 4669.599999999999, 4690.2, 4711.299999999999, 4732.0, 4752.9, 4773.9, 4795.099999999999, 4815.799999999999, 4827.2, 4848.2, 4869.7, 4890.4, 4911.4, 4931.5, 4952.2, 4973.299999999999, 4994.299999999999, 5014.799999999999, 5035.599999999999, 5056.2, 5077.4, 5098.5, 5119.299999999999, 5140.2, 5161.7, 5182.5, 5203.0, 5223.7, 5243.799999999999, 5264.0, 5285.5, 5305.9, 5326.799999999999, 5347.9, 5368.5, 5389.2, 5410.2, 5430.799999999999, 5451.799999999999, 5472.5, 5493.799999999999, 5515.299999999999, 5536.5, 5557.799999999999, 5578.5, 5598.9, 5620.099999999999, 5640.9, 5661.099999999999, 5682.099999999999, 5703.299999999999, 5723.5, 5744.2, 5765.4, 5786.099999999999, 5806.799999999999, 5828.2, 5848.5, 5869.599999999999, 5890.599999999999, 5911.599999999999, 5932.2, 5953.099999999999, 5973.2, 5993.5, 6015.099999999999, 6018.4, 6039.5, 6060.9, 6081.799999999999, 6103.299999999999, 6124.4, 6145.2, 6165.299999999999, 6186.299999999999, 6207.599999999999, 6227.799999999999, 6249.4, 6270.0, 6290.9, 6311.9, 6333.099999999999, 6354.2, 6374.599999999999, 6395.099999999999, 6416.099999999999, 6436.4, 6457.299999999999, 6477.299999999999, 6498.299999999999, 6518.799999999999, 6540.299999999999, 6560.799999999999, 6582.0, 6603.0, 6624.599999999999, 6646.0, 6666.099999999999, 6686.299999999999, 6706.599999999999, 6728.0, 6747.5, 6767.599999999999, 6788.5, 6809.299999999999, 6830.7, 6852.0, 6872.799999999999, 6894.4, 6914.599999999999, 6934.599999999999, 6954.599999999999, 6974.9, 6995.0, 7015.4, 7036.299999999999, 7056.5, 7077.0, 7092.799999999999],